mobile,password
17622222001,123456
17622222002,123456
17622222003,123456
17622222004,123456
17622222005,123456
17622222006,123456
17622222007,123456
17622222008,123456
17622222009,123456
17622222010,123456
17622222011,123456
17622222012,123456
17622222013,123456
17622222014,123456
17622222015,123456
17622222016,123456
17622222017,123456
17622222018,123456
17622222019,123456
17622222020,123456
17622222021,123456
17622222022,123456
17622222023,123456
17622222024,123456
17622222025,123456
17622222026,123456
17622222027,123456
17622222028,123456
17622222029,123456
17622222030,123456
17622222031,123456
17622222032,123456
17622222033,123456
17622222034,123456
17622222035,123456
17622222036,123456
17622222037,123456
17622222038,123456
17622222039,123456
17622222040,123456
17622222041,123456
17622222042,123456
17622222043,123456
17622222044,123456
17622222045,123456
17622222046,123456
17622222047,123456
17622222048,123456
17622222049,123456
17622222050,123456
17622222051,123456
17622222052,123456
17622222053,123456
17622222054,123456
17622222055,123456
17622222056,123456
17622222057,123456
17622222058,123456
17622222059,123456
17622222060,123456
17622222061,123456
17622222062,123456
17622222063,123456
17622222064,123456
17622222065,123456
17622222066,123456
17622222067,123456
17622222068,123456
17622222069,123456
17622222070,123456
17622222071,123456
17622222072,123456
17622222073,123456
17622222074,123456
17622222075,123456
17622222076,123456
17622222077,123456
17622222078,123456
17622222079,123456
17622222080,123456
17622222081,123456
17622222082,123456
17622222083,123456
17622222084,123456
17622222085,123456
17622222086,123456
17622222087,123456
17622222088,123456
17622222089,123456
17622222090,123456
17622222091,123456
17622222092,123456
17622222093,123456
17622222094,123456
17622222095,123456
17622222096,123456
17622222097,123456
17622222098,123456
17622222099,123456
17622222100,123456
17622222101,123456
17622222102,123456
17622222103,123456
17622222104,123456
17622222105,123456
17622222106,123456
17622222107,123456
17622222108,123456
17622222109,123456
17622222110,123456
17622222111,123456
17622222112,123456
17622222113,123456
17622222114,123456
17622222115,123456
17622222116,123456
17622222117,123456
17622222118,123456
17622222119,123456
17622222120,123456
17622222121,123456
17622222122,123456
17622222123,123456
17622222124,123456
17622222125,123456
17622222126,123456
17622222127,123456
17622222128,123456
17622222129,123456
17622222130,123456
17622222131,123456
17622222132,123456
17622222133,123456
17622222134,123456
17622222135,123456
17622222136,123456
17622222137,123456
17622222138,123456
17622222139,123456
17622222140,123456
17622222141,123456
17622222142,123456
17622222143,123456
17622222144,123456
17622222145,123456
17622222146,123456
17622222147,123456
17622222148,123456
17622222149,123456
17622222150,123456
17622222151,123456
17622222152,123456
17622222153,123456
17622222154,123456
17622222155,123456
17622222156,123456
17622222157,123456
17622222158,123456
17622222159,123456
17622222160,123456
17622222161,123456
17622222162,123456
17622222163,123456
17622222164,123456
17622222165,123456
17622222166,123456
17622222167,123456
17622222168,123456
17622222169,123456
17622222170,123456
17622222171,123456
17622222172,123456
17622222173,123456
17622222174,123456
17622222175,123456
17622222176,123456
17622222177,123456
17622222178,123456
17622222179,123456
17622222180,123456
17622222181,123456
17622222182,123456
17622222183,123456
17622222184,123456
17622222185,123456
17622222186,123456
17622222187,123456
17622222188,123456
17622222189,123456
17622222190,123456
17622222191,123456
17622222192,123456
17622222193,123456
17622222194,123456
17622222195,123456
17622222196,123456
17622222197,123456
17622222198,123456
17622222199,123456
17622222200,123456
17622222201,123456
17622222202,123456
17622222203,123456
17622222204,123456
17622222205,123456
17622222206,123456
17622222207,123456
17622222208,123456
17622222209,123456
17622222210,123456
17622222211,123456
17622222212,123456
17622222213,123456
17622222214,123456
17622222215,123456
17622222216,123456
17622222217,123456
17622222218,123456
17622222219,123456
17622222220,123456
17622222221,123456
17622222222,123456
17622222223,123456
17622222224,123456
17622222225,123456
17622222226,123456
17622222227,123456
17622222228,123456
17622222229,123456
17622222230,123456
17622222231,123456
17622222232,123456
17622222233,123456
17622222234,123456
17622222235,123456
17622222236,123456
17622222237,123456
17622222238,123456
17622222239,123456
17622222240,123456
17622222241,123456
17622222242,123456
17622222243,123456
17622222244,123456
17622222245,123456
17622222246,123456
17622222247,123456
17622222248,123456
17622222249,123456
17622222250,123456
17622222251,123456
17622222252,123456
17622222253,123456
17622222254,123456
17622222255,123456
17622222256,123456
17622222257,123456
17622222258,123456
17622222259,123456
17622222260,123456
17622222261,123456
17622222262,123456
17622222263,123456
17622222264,123456
17622222265,123456
17622222266,123456
17622222267,123456
17622222268,123456
17622222269,123456
17622222270,123456
17622222271,123456
17622222272,123456
17622222273,123456
17622222274,123456
17622222275,123456
17622222276,123456
17622222277,123456
17622222278,123456
17622222279,123456
17622222280,123456
17622222281,123456
17622222282,123456
17622222283,123456
17622222284,123456
17622222285,123456
17622222286,123456
17622222287,123456
17622222288,123456
17622222289,123456
17622222290,123456
17622222291,123456
17622222292,123456
17622222293,123456
17622222294,123456
17622222295,123456
17622222296,123456
17622222297,123456
17622222298,123456
17622222299,123456
17622222300,123456
17622222301,123456
17622222302,123456
17622222303,123456
17622222304,123456
17622222305,123456
17622222306,123456
17622222307,123456
17622222308,123456
17622222309,123456
17622222310,123456
17622222311,123456
17622222312,123456
17622222313,123456
17622222314,123456
17622222315,123456
17622222316,123456
17622222317,123456
17622222318,123456
17622222319,123456
17622222320,123456
17622222321,123456
17622222322,123456
17622222323,123456
17622222324,123456
17622222325,123456
17622222326,123456
17622222327,123456
17622222328,123456
17622222329,123456
17622222330,123456
17622222331,123456
17622222332,123456
17622222333,123456
17622222334,123456
17622222335,123456
17622222336,123456
17622222337,123456
17622222338,123456
17622222339,123456
17622222340,123456
17622222341,123456
17622222342,123456
17622222343,123456
17622222344,123456
17622222345,123456
17622222346,123456
17622222347,123456
17622222348,123456
17622222349,123456
17622222350,123456
17622222351,123456
17622222352,123456
17622222353,123456
17622222354,123456
17622222355,123456
17622222356,123456
17622222357,123456
17622222358,123456
17622222359,123456
17622222360,123456
17622222361,123456
17622222362,123456
17622222363,123456
17622222364,123456
17622222365,123456
17622222366,123456
17622222367,123456
17622222368,123456
17622222369,123456
17622222370,123456
17622222371,123456
17622222372,123456
17622222373,123456
17622222374,123456
17622222375,123456
17622222376,123456
17622222377,123456
17622222378,123456
17622222379,123456
17622222380,123456
17622222381,123456
17622222382,123456
17622222383,123456
17622222384,123456
17622222385,123456
17622222386,123456
17622222387,123456
17622222388,123456
17622222389,123456
17622222390,123456
17622222391,123456
17622222392,123456
17622222393,123456
17622222394,123456
17622222395,123456
17622222396,123456
17622222397,123456
17622222398,123456
17622222399,123456
17622222400,123456
17622222401,123456
17622222402,123456
17622222403,123456
17622222404,123456
17622222405,123456
17622222406,123456
17622222407,123456
17622222408,123456
17622222409,123456
17622222410,123456
17622222411,123456
17622222412,123456
17622222413,123456
17622222414,123456
17622222415,123456
17622222416,123456
17622222417,123456
17622222418,123456
17622222419,123456
17622222420,123456
17622222421,123456
17622222422,123456
17622222423,123456
17622222424,123456
17622222425,123456
17622222426,123456
17622222427,123456
17622222428,123456
17622222429,123456
17622222430,123456
17622222431,123456
17622222432,123456
17622222433,123456
17622222434,123456
17622222435,123456
17622222436,123456
17622222437,123456
17622222438,123456
17622222439,123456
17622222440,123456
17622222441,123456
17622222442,123456
17622222443,123456
17622222444,123456
17622222445,123456
17622222446,123456
17622222447,123456
17622222448,123456
17622222449,123456
17622222450,123456
17622222451,123456
17622222452,123456
17622222453,123456
17622222454,123456
17622222455,123456
17622222456,123456
17622222457,123456
17622222458,123456
17622222459,123456
17622222460,123456
17622222461,123456
17622222462,123456
17622222463,123456
17622222464,123456
17622222465,123456
17622222466,123456
17622222467,123456
17622222468,123456
17622222469,123456
17622222470,123456
17622222471,123456
17622222472,123456
17622222473,123456
17622222474,123456
17622222475,123456
17622222476,123456
17622222477,123456
17622222478,123456
17622222479,123456
17622222480,123456
17622222481,123456
17622222482,123456
17622222483,123456
17622222484,123456
17622222485,123456
17622222486,123456
17622222487,123456
17622222488,123456
17622222489,123456
17622222490,123456
17622222491,123456
17622222492,123456
17622222493,123456
17622222494,123456
17622222495,123456
17622222496,123456
17622222497,123456
17622222498,123456
17622222499,123456
17622222500,123456
17622222501,123456
17622222502,123456
17622222503,123456
17622222504,123456
17622222505,123456
17622222506,123456
17622222507,123456
17622222508,123456
17622222509,123456
17622222510,123456
17622222511,123456
17622222512,123456
17622222513,123456
17622222514,123456
17622222515,123456
17622222516,123456
17622222517,123456
17622222518,123456
17622222519,123456
17622222520,123456
17622222521,123456
17622222522,123456
17622222523,123456
17622222524,123456
17622222525,123456
17622222526,123456
17622222527,123456
17622222528,123456
17622222529,123456
17622222530,123456
17622222531,123456
17622222532,123456
17622222533,123456
17622222534,123456
17622222535,123456
17622222536,123456
17622222537,123456
17622222538,123456
17622222539,123456
17622222540,123456
17622222541,123456
17622222542,123456
17622222543,123456
17622222544,123456
17622222545,123456
17622222546,123456
17622222547,123456
17622222548,123456
17622222549,123456
17622222550,123456
17622222551,123456
17622222552,123456
17622222553,123456
17622222554,123456
17622222555,123456
17622222556,123456
17622222557,123456
17622222558,123456
17622222559,123456
17622222560,123456
17622222561,123456
17622222562,123456
17622222563,123456
17622222564,123456
17622222565,123456
17622222566,123456
17622222567,123456
17622222568,123456
17622222569,123456
17622222570,123456
17622222571,123456
17622222572,123456
17622222573,123456
17622222574,123456
17622222575,123456
17622222576,123456
17622222577,123456
17622222578,123456
17622222579,123456
17622222580,123456
17622222581,123456
17622222582,123456
17622222583,123456
17622222584,123456
17622222585,123456
17622222586,123456
17622222587,123456
17622222588,123456
17622222589,123456
17622222590,123456
17622222591,123456
17622222592,123456
17622222593,123456
17622222594,123456
17622222595,123456
17622222596,123456
17622222597,123456
17622222598,123456
17622222599,123456
17622222600,123456
17622222601,123456
17622222602,123456
17622222603,123456
17622222604,123456
17622222605,123456
17622222606,123456
17622222607,123456
17622222608,123456
17622222609,123456
17622222610,123456
17622222611,123456
17622222612,123456
17622222613,123456
17622222614,123456
17622222615,123456
17622222616,123456
17622222617,123456
17622222618,123456
17622222619,123456
17622222620,123456
17622222621,123456
17622222622,123456
17622222623,123456
17622222624,123456
17622222625,123456
17622222626,123456
17622222627,123456
17622222628,123456
17622222629,123456
17622222630,123456
17622222631,123456
17622222632,123456
17622222633,123456
17622222634,123456
17622222635,123456
17622222636,123456
17622222637,123456
17622222638,123456
17622222639,123456
17622222640,123456
17622222641,123456
17622222642,123456
17622222643,123456
17622222644,123456
17622222645,123456
17622222646,123456
17622222647,123456
17622222648,123456
17622222649,123456
17622222650,123456
17622222651,123456
17622222652,123456
17622222653,123456
17622222654,123456
17622222655,123456
17622222656,123456
17622222657,123456
17622222658,123456
17622222659,123456
17622222660,123456
17622222661,123456
17622222662,123456
17622222663,123456
17622222664,123456
17622222665,123456
17622222666,123456
17622222667,123456
17622222668,123456
17622222669,123456
17622222670,123456
17622222671,123456
17622222672,123456
17622222673,123456
17622222674,123456
17622222675,123456
17622222676,123456
17622222677,123456
17622222678,123456
17622222679,123456
17622222680,123456
17622222681,123456
17622222682,123456
17622222683,123456
17622222684,123456
17622222685,123456
17622222686,123456
17622222687,123456
17622222688,123456
17622222689,123456
17622222690,123456
17622222691,123456
17622222692,123456
17622222693,123456
17622222694,123456
17622222695,123456
17622222696,123456
17622222697,123456
17622222698,123456
17622222699,123456
17622222700,123456
17622222701,123456
17622222702,123456
17622222703,123456
17622222704,123456
17622222705,123456
17622222706,123456
17622222707,123456
17622222708,123456
17622222709,123456
17622222710,123456
17622222711,123456
17622222712,123456
17622222713,123456
17622222714,123456
17622222715,123456
17622222716,123456
17622222717,123456
17622222718,123456
17622222719,123456
17622222720,123456
17622222721,123456
17622222722,123456
17622222723,123456
17622222724,123456
17622222725,123456
17622222726,123456
17622222727,123456
17622222728,123456
17622222729,123456
17622222730,123456
17622222731,123456
17622222732,123456
17622222733,123456
17622222734,123456
17622222735,123456
17622222736,123456
17622222737,123456
17622222738,123456
17622222739,123456
17622222740,123456
17622222741,123456
17622222742,123456
17622222743,123456
17622222744,123456
17622222745,123456
17622222746,123456
17622222747,123456
17622222748,123456
17622222749,123456
17622222750,123456
17622222751,123456
17622222752,123456
17622222753,123456
17622222754,123456
17622222755,123456
17622222756,123456
17622222757,123456
17622222758,123456
17622222759,123456
17622222760,123456
17622222761,123456
17622222762,123456
17622222763,123456
17622222764,123456
17622222765,123456
17622222766,123456
17622222767,123456
17622222768,123456
17622222769,123456
17622222770,123456
17622222771,123456
17622222772,123456
17622222773,123456
17622222774,123456
17622222775,123456
17622222776,123456
17622222777,123456
17622222778,123456
17622222779,123456
17622222780,123456
17622222781,123456
17622222782,123456
17622222783,123456
17622222784,123456
17622222785,123456
17622222786,123456
17622222787,123456
17622222788,123456
17622222789,123456
17622222790,123456
17622222791,123456
17622222792,123456
17622222793,123456
17622222794,123456
17622222795,123456
17622222796,123456
17622222797,123456
17622222798,123456
17622222799,123456
17622222800,123456
17622222801,123456
17622222802,123456
17622222803,123456
17622222804,123456
17622222805,123456
17622222806,123456
17622222807,123456
17622222808,123456
17622222809,123456
17622222810,123456
17622222811,123456
17622222812,123456
17622222813,123456
17622222814,123456
17622222815,123456
17622222816,123456
17622222817,123456
17622222818,123456
17622222819,123456
17622222820,123456
17622222821,123456
17622222822,123456
17622222823,123456
17622222824,123456
17622222825,123456
17622222826,123456
17622222827,123456
17622222828,123456
17622222829,123456
17622222830,123456
17622222831,123456
17622222832,123456
17622222833,123456
17622222834,123456
17622222835,123456
17622222836,123456
17622222837,123456
17622222838,123456
17622222839,123456
17622222840,123456
17622222841,123456
17622222842,123456
17622222843,123456
17622222844,123456
17622222845,123456
17622222846,123456
17622222847,123456
17622222848,123456
17622222849,123456
17622222850,123456
17622222851,123456
17622222852,123456
17622222853,123456
17622222854,123456
17622222855,123456
17622222856,123456
17622222857,123456
17622222858,123456
17622222859,123456
17622222860,123456
17622222861,123456
17622222862,123456
17622222863,123456
17622222864,123456
17622222865,123456
17622222866,123456
17622222867,123456
17622222868,123456
17622222869,123456
17622222870,123456
17622222871,123456
17622222872,123456
17622222873,123456
17622222874,123456
17622222875,123456
17622222876,123456
17622222877,123456
17622222878,123456
17622222879,123456
17622222880,123456
17622222881,123456
17622222882,123456
17622222883,123456
17622222884,123456
17622222885,123456
17622222886,123456
17622222887,123456
17622222888,123456
17622222889,123456
17622222890,123456
17622222891,123456
17622222892,123456
17622222893,123456
17622222894,123456
17622222895,123456
17622222896,123456
17622222897,123456
17622222898,123456
17622222899,123456
17622222900,123456
17622222901,123456
17622222902,123456
17622222903,123456
17622222904,123456
17622222905,123456
17622222906,123456
17622222907,123456
17622222908,123456
17622222909,123456
17622222910,123456
17622222911,123456
17622222912,123456
17622222913,123456
17622222914,123456
17622222915,123456
17622222916,123456
17622222917,123456
17622222918,123456
17622222919,123456
17622222920,123456
17622222921,123456
17622222922,123456
17622222923,123456
17622222924,123456
17622222925,123456
17622222926,123456
17622222927,123456
17622222928,123456
17622222929,123456
17622222930,123456
17622222931,123456
17622222932,123456
17622222933,123456
17622222934,123456
17622222935,123456
17622222936,123456
17622222937,123456
17622222938,123456
17622222939,123456
17622222940,123456
17622222941,123456
17622222942,123456
17622222943,123456
17622222944,123456
17622222945,123456
17622222946,123456
17622222947,123456
17622222948,123456
17622222949,123456
17622222950,123456
17622222951,123456
17622222952,123456
17622222953,123456
17622222954,123456
17622222955,123456
17622222956,123456
17622222957,123456
17622222958,123456
17622222959,123456
17622222960,123456
17622222961,123456
17622222962,123456
17622222963,123456
17622222964,123456
17622222965,123456
17622222966,123456
17622222967,123456
17622222968,123456
17622222969,123456
17622222970,123456
17622222971,123456
17622222972,123456
17622222973,123456
17622222974,123456
17622222975,123456
17622222976,123456
17622222977,123456
17622222978,123456
17622222979,123456
17622222980,123456
17622222981,123456
17622222982,123456
17622222983,123456
17622222984,123456
17622222985,123456
17622222986,123456
17622222987,123456
17622222988,123456
17622222989,123456
17622222990,123456
17622222991,123456
17622222992,123456
17622222993,123456
17622222994,123456
17622222995,123456
17622222996,123456
17622222997,123456
17622222998,123456
17622222999,123456
17622223000,123456
17622223001,123456
17622223002,123456
17622223003,123456
17622223004,123456
17622223005,123456
17622223006,123456
17622223007,123456
17622223008,123456
17622223009,123456
17622223010,123456
17622223011,123456
17622223012,123456
17622223013,123456
17622223014,123456
17622223015,123456
17622223016,123456
17622223017,123456
17622223018,123456
17622223019,123456
17622223020,123456
17622223021,123456
17622223022,123456
17622223023,123456
17622223024,123456
17622223025,123456
17622223026,123456
17622223027,123456
17622223028,123456
17622223029,123456
17622223030,123456
17622223031,123456
17622223032,123456
17622223033,123456
17622223034,123456
17622223035,123456
17622223036,123456
17622223037,123456
17622223038,123456
17622223039,123456
17622223040,123456
17622223041,123456
17622223042,123456
17622223043,123456
17622223044,123456
17622223045,123456
17622223046,123456
17622223047,123456
17622223048,123456
17622223049,123456
17622223050,123456
17622223051,123456
17622223052,123456
17622223053,123456
17622223054,123456
17622223055,123456
17622223056,123456
17622223057,123456
17622223058,123456
17622223059,123456
17622223060,123456
17622223061,123456
17622223062,123456
17622223063,123456
17622223064,123456
17622223065,123456
17622223066,123456
17622223067,123456
17622223068,123456
17622223069,123456
17622223070,123456
17622223071,123456
17622223072,123456
17622223073,123456
17622223074,123456
17622223075,123456
17622223076,123456
17622223077,123456
17622223078,123456
17622223079,123456
17622223080,123456
17622223081,123456
17622223082,123456
17622223083,123456
17622223084,123456
17622223085,123456
17622223086,123456
17622223087,123456
17622223088,123456
17622223089,123456
17622223090,123456
17622223091,123456
17622223092,123456
17622223093,123456
17622223094,123456
17622223095,123456
17622223096,123456
17622223097,123456
17622223098,123456
17622223099,123456
17622223100,123456
17622223101,123456
17622223102,123456
17622223103,123456
17622223104,123456
17622223105,123456
17622223106,123456
17622223107,123456
17622223108,123456
17622223109,123456
17622223110,123456
17622223111,123456
17622223112,123456
17622223113,123456
17622223114,123456
17622223115,123456
17622223116,123456
17622223117,123456
17622223118,123456
17622223119,123456
17622223120,123456
17622223121,123456
17622223122,123456
17622223123,123456
17622223124,123456
17622223125,123456
17622223126,123456
17622223127,123456
17622223128,123456
17622223129,123456
17622223130,123456
17622223131,123456
17622223132,123456
17622223133,123456
17622223134,123456
17622223135,123456
17622223136,123456
17622223137,123456
17622223138,123456
17622223139,123456
17622223140,123456
17622223141,123456
17622223142,123456
17622223143,123456
17622223144,123456
17622223145,123456
17622223146,123456
17622223147,123456
17622223148,123456
17622223149,123456
17622223150,123456
17622223151,123456
17622223152,123456
17622223153,123456
17622223154,123456
17622223155,123456
17622223156,123456
17622223157,123456
17622223158,123456
17622223159,123456
17622223160,123456
17622223161,123456
17622223162,123456
17622223163,123456
17622223164,123456
17622223165,123456
17622223166,123456
17622223167,123456
17622223168,123456
17622223169,123456
17622223170,123456
17622223171,123456
17622223172,123456
17622223173,123456
17622223174,123456
17622223175,123456
17622223176,123456
17622223177,123456
17622223178,123456
17622223179,123456
17622223180,123456
17622223181,123456
17622223182,123456
17622223183,123456
17622223184,123456
17622223185,123456
17622223186,123456
17622223187,123456
17622223188,123456
17622223189,123456
17622223190,123456
17622223191,123456
17622223192,123456
17622223193,123456
17622223194,123456
17622223195,123456
17622223196,123456
17622223197,123456
17622223198,123456
17622223199,123456
17622223200,123456
17622223201,123456
17622223202,123456
17622223203,123456
17622223204,123456
17622223205,123456
17622223206,123456
17622223207,123456
17622223208,123456
17622223209,123456
17622223210,123456
17622223211,123456
17622223212,123456
17622223213,123456
17622223214,123456
17622223215,123456
17622223216,123456
17622223217,123456
17622223218,123456
17622223219,123456
17622223220,123456
17622223221,123456
17622223222,123456
17622223223,123456
17622223224,123456
17622223225,123456
17622223226,123456
17622223227,123456
17622223228,123456
17622223229,123456
17622223230,123456
17622223231,123456
17622223232,123456
17622223233,123456
17622223234,123456
17622223235,123456
17622223236,123456
17622223237,123456
17622223238,123456
17622223239,123456
17622223240,123456
17622223241,123456
17622223242,123456
17622223243,123456
17622223244,123456
17622223245,123456
17622223246,123456
17622223247,123456
17622223248,123456
17622223249,123456
17622223250,123456
17622223251,123456
17622223252,123456
17622223253,123456
17622223254,123456
17622223255,123456
17622223256,123456
17622223257,123456
17622223258,123456
17622223259,123456
17622223260,123456
17622223261,123456
17622223262,123456
17622223263,123456
17622223264,123456
17622223265,123456
17622223266,123456
17622223267,123456
17622223268,123456
17622223269,123456
17622223270,123456
17622223271,123456
17622223272,123456
17622223273,123456
17622223274,123456
17622223275,123456
17622223276,123456
17622223277,123456
17622223278,123456
17622223279,123456
17622223280,123456
17622223281,123456
17622223282,123456
17622223283,123456
17622223284,123456
17622223285,123456
17622223286,123456
17622223287,123456
17622223288,123456
17622223289,123456
17622223290,123456
17622223291,123456
17622223292,123456
17622223293,123456
17622223294,123456
17622223295,123456
17622223296,123456
17622223297,123456
17622223298,123456
17622223299,123456
17622223300,123456
17622223301,123456
17622223302,123456
17622223303,123456
17622223304,123456
17622223305,123456
17622223306,123456
17622223307,123456
17622223308,123456
17622223309,123456
17622223310,123456
17622223311,123456
17622223312,123456
17622223313,123456
17622223314,123456
17622223315,123456
17622223316,123456
17622223317,123456
17622223318,123456
17622223319,123456
17622223320,123456
17622223321,123456
17622223322,123456
17622223323,123456
17622223324,123456
17622223325,123456
17622223326,123456
17622223327,123456
17622223328,123456
17622223329,123456
17622223330,123456
17622223331,123456
17622223332,123456
17622223333,123456
17622223334,123456
17622223335,123456
17622223336,123456
17622223337,123456
17622223338,123456
17622223339,123456
17622223340,123456
17622223341,123456
17622223342,123456
17622223343,123456
17622223344,123456
17622223345,123456
17622223346,123456
17622223347,123456
17622223348,123456
17622223349,123456
17622223350,123456
17622223351,123456
17622223352,123456
17622223353,123456
17622223354,123456
17622223355,123456
17622223356,123456
17622223357,123456
17622223358,123456
17622223359,123456
17622223360,123456
17622223361,123456
17622223362,123456
17622223363,123456
17622223364,123456
17622223365,123456
17622223366,123456
17622223367,123456
17622223368,123456
17622223369,123456
17622223370,123456
17622223371,123456
17622223372,123456
17622223373,123456
17622223374,123456
17622223375,123456
17622223376,123456
17622223377,123456
17622223378,123456
17622223379,123456
17622223380,123456
17622223381,123456
17622223382,123456
17622223383,123456
17622223384,123456
17622223385,123456
17622223386,123456
17622223387,123456
17622223388,123456
17622223389,123456
17622223390,123456
17622223391,123456
17622223392,123456
17622223393,123456
17622223394,123456
17622223395,123456
17622223396,123456
17622223397,123456
17622223398,123456
17622223399,123456
17622223400,123456
17622223401,123456
17622223402,123456
17622223403,123456
17622223404,123456
17622223405,123456
17622223406,123456
17622223407,123456
17622223408,123456
17622223409,123456
17622223410,123456
17622223411,123456
17622223412,123456
17622223413,123456
17622223414,123456
17622223415,123456
17622223416,123456
17622223417,123456
17622223418,123456
17622223419,123456
17622223420,123456
17622223421,123456
17622223422,123456
17622223423,123456
17622223424,123456
17622223425,123456
17622223426,123456
17622223427,123456
17622223428,123456
17622223429,123456
17622223430,123456
17622223431,123456
17622223432,123456
17622223433,123456
17622223434,123456
17622223435,123456
17622223436,123456
17622223437,123456
17622223438,123456
17622223439,123456
17622223440,123456
17622223441,123456
17622223442,123456
17622223443,123456
17622223444,123456
17622223445,123456
17622223446,123456
17622223447,123456
17622223448,123456
17622223449,123456
17622223450,123456
17622223451,123456
17622223452,123456
17622223453,123456
17622223454,123456
17622223455,123456
17622223456,123456
17622223457,123456
17622223458,123456
17622223459,123456
17622223460,123456
17622223461,123456
17622223462,123456
17622223463,123456
17622223464,123456
17622223465,123456
17622223466,123456
17622223467,123456
17622223468,123456
17622223469,123456
17622223470,123456
17622223471,123456
17622223472,123456
17622223473,123456
17622223474,123456
17622223475,123456
17622223476,123456
17622223477,123456
17622223478,123456
17622223479,123456
17622223480,123456
17622223481,123456
17622223482,123456
17622223483,123456
17622223484,123456
17622223485,123456
17622223486,123456
17622223487,123456
17622223488,123456
17622223489,123456
17622223490,123456
17622223491,123456
17622223492,123456
17622223493,123456
17622223494,123456
17622223495,123456
17622223496,123456
17622223497,123456
17622223498,123456
17622223499,123456
17622223500,123456
17622223501,123456
17622223502,123456
17622223503,123456
17622223504,123456
17622223505,123456
17622223506,123456
17622223507,123456
17622223508,123456
17622223509,123456
17622223510,123456
17622223511,123456
17622223512,123456
17622223513,123456
17622223514,123456
17622223515,123456
17622223516,123456
17622223517,123456
17622223518,123456
17622223519,123456
17622223520,123456
17622223521,123456
17622223522,123456
17622223523,123456
17622223524,123456
17622223525,123456
17622223526,123456
17622223527,123456
17622223528,123456
17622223529,123456
17622223530,123456
17622223531,123456
17622223532,123456
17622223533,123456
17622223534,123456
17622223535,123456
17622223536,123456
17622223537,123456
17622223538,123456
17622223539,123456
17622223540,123456
17622223541,123456
17622223542,123456
17622223543,123456
17622223544,123456
17622223545,123456
17622223546,123456
17622223547,123456
17622223548,123456
17622223549,123456
17622223550,123456
17622223551,123456
17622223552,123456
17622223553,123456
17622223554,123456
17622223555,123456
17622223556,123456
17622223557,123456
17622223558,123456
17622223559,123456
17622223560,123456
17622223561,123456
17622223562,123456
17622223563,123456
17622223564,123456
17622223565,123456
17622223566,123456
17622223567,123456
17622223568,123456
17622223569,123456
17622223570,123456
17622223571,123456
17622223572,123456
17622223573,123456
17622223574,123456
17622223575,123456
17622223576,123456
17622223577,123456
17622223578,123456
17622223579,123456
17622223580,123456
17622223581,123456
17622223582,123456
17622223583,123456
17622223584,123456
17622223585,123456
17622223586,123456
17622223587,123456
17622223588,123456
17622223589,123456
17622223590,123456
17622223591,123456
17622223592,123456
17622223593,123456
17622223594,123456
17622223595,123456
17622223596,123456
17622223597,123456
17622223598,123456
17622223599,123456
17622223600,123456
17622223601,123456
17622223602,123456
17622223603,123456
17622223604,123456
17622223605,123456
17622223606,123456
17622223607,123456
17622223608,123456
17622223609,123456
17622223610,123456
17622223611,123456
17622223612,123456
17622223613,123456
17622223614,123456
17622223615,123456
17622223616,123456
17622223617,123456
17622223618,123456
17622223619,123456
17622223620,123456
17622223621,123456
17622223622,123456
17622223623,123456
17622223624,123456
17622223625,123456
17622223626,123456
17622223627,123456
17622223628,123456
17622223629,123456
17622223630,123456
17622223631,123456
17622223632,123456
17622223633,123456
17622223634,123456
17622223635,123456
17622223636,123456
17622223637,123456
17622223638,123456
17622223639,123456
17622223640,123456
17622223641,123456
17622223642,123456
17622223643,123456
17622223644,123456
17622223645,123456
17622223646,123456
17622223647,123456
17622223648,123456
17622223649,123456
17622223650,123456
17622223651,123456
17622223652,123456
17622223653,123456
17622223654,123456
17622223655,123456
17622223656,123456
17622223657,123456
17622223658,123456
17622223659,123456
17622223660,123456
17622223661,123456
17622223662,123456
17622223663,123456
17622223664,123456
17622223665,123456
17622223666,123456
17622223667,123456
17622223668,123456
17622223669,123456
17622223670,123456
17622223671,123456
17622223672,123456
17622223673,123456
17622223674,123456
17622223675,123456
17622223676,123456
17622223677,123456
17622223678,123456
17622223679,123456
17622223680,123456
17622223681,123456
17622223682,123456
17622223683,123456
17622223684,123456
17622223685,123456
17622223686,123456
17622223687,123456
17622223688,123456
17622223689,123456
17622223690,123456
17622223691,123456
17622223692,123456
17622223693,123456
17622223694,123456
17622223695,123456
17622223696,123456
17622223697,123456
17622223698,123456
17622223699,123456
17622223700,123456
17622223701,123456
17622223702,123456
17622223703,123456
17622223704,123456
17622223705,123456
17622223706,123456
17622223707,123456
17622223708,123456
17622223709,123456
17622223710,123456
17622223711,123456
17622223712,123456
17622223713,123456
17622223714,123456
17622223715,123456
17622223716,123456
17622223717,123456
17622223718,123456
17622223719,123456
17622223720,123456
17622223721,123456
17622223722,123456
17622223723,123456
17622223724,123456
17622223725,123456
17622223726,123456
17622223727,123456
17622223728,123456
17622223729,123456
17622223730,123456
17622223731,123456
17622223732,123456
17622223733,123456
17622223734,123456
17622223735,123456
17622223736,123456
17622223737,123456
17622223738,123456
17622223739,123456
17622223740,123456
17622223741,123456
17622223742,123456
17622223743,123456
17622223744,123456
17622223745,123456
17622223746,123456
17622223747,123456
17622223748,123456
17622223749,123456
17622223750,123456
17622223751,123456
17622223752,123456
17622223753,123456
17622223754,123456
17622223755,123456
17622223756,123456
17622223757,123456
17622223758,123456
17622223759,123456
17622223760,123456
17622223761,123456
17622223762,123456
17622223763,123456
17622223764,123456
17622223765,123456
17622223766,123456
17622223767,123456
17622223768,123456
17622223769,123456
17622223770,123456
17622223771,123456
17622223772,123456
17622223773,123456
17622223774,123456
17622223775,123456
17622223776,123456
17622223777,123456
17622223778,123456
17622223779,123456
17622223780,123456
17622223781,123456
17622223782,123456
17622223783,123456
17622223784,123456
17622223785,123456
17622223786,123456
17622223787,123456
17622223788,123456
17622223789,123456
17622223790,123456
17622223791,123456
17622223792,123456
17622223793,123456
17622223794,123456
17622223795,123456
17622223796,123456
17622223797,123456
17622223798,123456
17622223799,123456
17622223800,123456
17622223801,123456
17622223802,123456
17622223803,123456
17622223804,123456
17622223805,123456
17622223806,123456
17622223807,123456
17622223808,123456
17622223809,123456
17622223810,123456
17622223811,123456
17622223812,123456
17622223813,123456
17622223814,123456
17622223815,123456
17622223816,123456
17622223817,123456
17622223818,123456
17622223819,123456
17622223820,123456
17622223821,123456
17622223822,123456
17622223823,123456
17622223824,123456
17622223825,123456
17622223826,123456
17622223827,123456
17622223828,123456
17622223829,123456
17622223830,123456
17622223831,123456
17622223832,123456
17622223833,123456
17622223834,123456
17622223835,123456
17622223836,123456
17622223837,123456
17622223838,123456
17622223839,123456
17622223840,123456
17622223841,123456
17622223842,123456
17622223843,123456
17622223844,123456
17622223845,123456
17622223846,123456
17622223847,123456
17622223848,123456
17622223849,123456
17622223850,123456
17622223851,123456
17622223852,123456
17622223853,123456
17622223854,123456
17622223855,123456
17622223856,123456
17622223857,123456
17622223858,123456
17622223859,123456
17622223860,123456
17622223861,123456
17622223862,123456
17622223863,123456
17622223864,123456
17622223865,123456
17622223866,123456
17622223867,123456
17622223868,123456
17622223869,123456
17622223870,123456
17622223871,123456
17622223872,123456
17622223873,123456
17622223874,123456
17622223875,123456
17622223876,123456
17622223877,123456
17622223878,123456
17622223879,123456
17622223880,123456
17622223881,123456
17622223882,123456
17622223883,123456
17622223884,123456
17622223885,123456
17622223886,123456
17622223887,123456
17622223888,123456
17622223889,123456
17622223890,123456
17622223891,123456
17622223892,123456
17622223893,123456
17622223894,123456
17622223895,123456
17622223896,123456
17622223897,123456
17622223898,123456
17622223899,123456
17622223900,123456
17622223901,123456
17622223902,123456
17622223903,123456
17622223904,123456
17622223905,123456
17622223906,123456
17622223907,123456
17622223908,123456
17622223909,123456
17622223910,123456
17622223911,123456
17622223912,123456
17622223913,123456
17622223914,123456
17622223915,123456
17622223916,123456
17622223917,123456
17622223918,123456
17622223919,123456
17622223920,123456
17622223921,123456
17622223922,123456
17622223923,123456
17622223924,123456
17622223925,123456
17622223926,123456
17622223927,123456
17622223928,123456
17622223929,123456
17622223930,123456
17622223931,123456
17622223932,123456
17622223933,123456
17622223934,123456
17622223935,123456
17622223936,123456
17622223937,123456
17622223938,123456
17622223939,123456
17622223940,123456
17622223941,123456
17622223942,123456
17622223943,123456
17622223944,123456
17622223945,123456
17622223946,123456
17622223947,123456
17622223948,123456
17622223949,123456
17622223950,123456
17622223951,123456
17622223952,123456
17622223953,123456
17622223954,123456
17622223955,123456
17622223956,123456
17622223957,123456
17622223958,123456
17622223959,123456
17622223960,123456
17622223961,123456
17622223962,123456
17622223963,123456
17622223964,123456
17622223965,123456
17622223966,123456
17622223967,123456
17622223968,123456
17622223969,123456
17622223970,123456
17622223971,123456
17622223972,123456
17622223973,123456
17622223974,123456
17622223975,123456
17622223976,123456
17622223977,123456
17622223978,123456
17622223979,123456
17622223980,123456
17622223981,123456
17622223982,123456
17622223983,123456
17622223984,123456
17622223985,123456
17622223986,123456
17622223987,123456
17622223988,123456
17622223989,123456
17622223990,123456
17622223991,123456
17622223992,123456
17622223993,123456
17622223994,123456
17622223995,123456
17622223996,123456
17622223997,123456
17622223998,123456
17622223999,123456
17622224000,123456
17622224001,123456
17622224002,123456
17622224003,123456
17622224004,123456
17622224005,123456
17622224006,123456
17622224007,123456
17622224008,123456
17622224009,123456
17622224010,123456
17622224011,123456
17622224012,123456
17622224013,123456
17622224014,123456
17622224015,123456
17622224016,123456
17622224017,123456
17622224018,123456
17622224019,123456
17622224020,123456
17622224021,123456
17622224022,123456
17622224023,123456
17622224024,123456
17622224025,123456
17622224026,123456
17622224027,123456
17622224028,123456
17622224029,123456
17622224030,123456
17622224031,123456
17622224032,123456
17622224033,123456
17622224034,123456
17622224035,123456
17622224036,123456
17622224037,123456
17622224038,123456
17622224039,123456
17622224040,123456
17622224041,123456
17622224042,123456
17622224043,123456
17622224044,123456
17622224045,123456
17622224046,123456
17622224047,123456
17622224048,123456
17622224049,123456
17622224050,123456
17622224051,123456
17622224052,123456
17622224053,123456
17622224054,123456
17622224055,123456
17622224056,123456
17622224057,123456
17622224058,123456
17622224059,123456
17622224060,123456
17622224061,123456
17622224062,123456
17622224063,123456
17622224064,123456
17622224065,123456
17622224066,123456
17622224067,123456
17622224068,123456
17622224069,123456
17622224070,123456
17622224071,123456
17622224072,123456
17622224073,123456
17622224074,123456
17622224075,123456
17622224076,123456
17622224077,123456
17622224078,123456
17622224079,123456
17622224080,123456
17622224081,123456
17622224082,123456
17622224083,123456
17622224084,123456
17622224085,123456
17622224086,123456
17622224087,123456
17622224088,123456
17622224089,123456
17622224090,123456
17622224091,123456
17622224092,123456
17622224093,123456
17622224094,123456
17622224095,123456
17622224096,123456
17622224097,123456
17622224098,123456
17622224099,123456
17622224100,123456
17622224101,123456
17622224102,123456
17622224103,123456
17622224104,123456
17622224105,123456
17622224106,123456
17622224107,123456
17622224108,123456
17622224109,123456
17622224110,123456
17622224111,123456
17622224112,123456
17622224113,123456
17622224114,123456
17622224115,123456
17622224116,123456
17622224117,123456
17622224118,123456
17622224119,123456
17622224120,123456
17622224121,123456
17622224122,123456
17622224123,123456
17622224124,123456
17622224125,123456
17622224126,123456
17622224127,123456
17622224128,123456
17622224129,123456
17622224130,123456
17622224131,123456
17622224132,123456
17622224133,123456
17622224134,123456
17622224135,123456
17622224136,123456
17622224137,123456
17622224138,123456
17622224139,123456
17622224140,123456
17622224141,123456
17622224142,123456
17622224143,123456
17622224144,123456
17622224145,123456
17622224146,123456
17622224147,123456
17622224148,123456
17622224149,123456
17622224150,123456
17622224151,123456
17622224152,123456
17622224153,123456
17622224154,123456
17622224155,123456
17622224156,123456
17622224157,123456
17622224158,123456
17622224159,123456
17622224160,123456
17622224161,123456
17622224162,123456
17622224163,123456
17622224164,123456
17622224165,123456
17622224166,123456
17622224167,123456
17622224168,123456
17622224169,123456
17622224170,123456
17622224171,123456
17622224172,123456
17622224173,123456
17622224174,123456
17622224175,123456
17622224176,123456
17622224177,123456
17622224178,123456
17622224179,123456
17622224180,123456
17622224181,123456
17622224182,123456
17622224183,123456
17622224184,123456
17622224185,123456
17622224186,123456
17622224187,123456
17622224188,123456
17622224189,123456
17622224190,123456
17622224191,123456
17622224192,123456
17622224193,123456
17622224194,123456
17622224195,123456
17622224196,123456
17622224197,123456
17622224198,123456
17622224199,123456
17622224200,123456
17622224201,123456
17622224202,123456
17622224203,123456
17622224204,123456
17622224205,123456
17622224206,123456
17622224207,123456
17622224208,123456
17622224209,123456
17622224210,123456
17622224211,123456
17622224212,123456
17622224213,123456
17622224214,123456
17622224215,123456
17622224216,123456
17622224217,123456
17622224218,123456
17622224219,123456
17622224220,123456
17622224221,123456
17622224222,123456
17622224223,123456
17622224224,123456
17622224225,123456
17622224226,123456
17622224227,123456
17622224228,123456
17622224229,123456
17622224230,123456
17622224231,123456
17622224232,123456
17622224233,123456
17622224234,123456
17622224235,123456
17622224236,123456
17622224237,123456
17622224238,123456
17622224239,123456
17622224240,123456
17622224241,123456
17622224242,123456
17622224243,123456
17622224244,123456
17622224245,123456
17622224246,123456
17622224247,123456
17622224248,123456
17622224249,123456
17622224250,123456
17622224251,123456
17622224252,123456
17622224253,123456
17622224254,123456
17622224255,123456
17622224256,123456
17622224257,123456
17622224258,123456
17622224259,123456
17622224260,123456
17622224261,123456
17622224262,123456
17622224263,123456
17622224264,123456
17622224265,123456
17622224266,123456
17622224267,123456
17622224268,123456
17622224269,123456
17622224270,123456
17622224271,123456
17622224272,123456
17622224273,123456
17622224274,123456
17622224275,123456
17622224276,123456
17622224277,123456
17622224278,123456
17622224279,123456
17622224280,123456
17622224281,123456
17622224282,123456
17622224283,123456
17622224284,123456
17622224285,123456
17622224286,123456
17622224287,123456
17622224288,123456
17622224289,123456
17622224290,123456
17622224291,123456
17622224292,123456
17622224293,123456
17622224294,123456
17622224295,123456
17622224296,123456
17622224297,123456
17622224298,123456
17622224299,123456
17622224300,123456
17622224301,123456
17622224302,123456
17622224303,123456
17622224304,123456
17622224305,123456
17622224306,123456
17622224307,123456
17622224308,123456
17622224309,123456
17622224310,123456
17622224311,123456
17622224312,123456
17622224313,123456
17622224314,123456
17622224315,123456
17622224316,123456
17622224317,123456
17622224318,123456
17622224319,123456
17622224320,123456
17622224321,123456
17622224322,123456
17622224323,123456
17622224324,123456
17622224325,123456
17622224326,123456
17622224327,123456
17622224328,123456
17622224329,123456
17622224330,123456
17622224331,123456
17622224332,123456
17622224333,123456
17622224334,123456
17622224335,123456
17622224336,123456
17622224337,123456
17622224338,123456
17622224339,123456
17622224340,123456
17622224341,123456
17622224342,123456
17622224343,123456
17622224344,123456
17622224345,123456
17622224346,123456
17622224347,123456
17622224348,123456
17622224349,123456
17622224350,123456
17622224351,123456
17622224352,123456
17622224353,123456
17622224354,123456
17622224355,123456
17622224356,123456
17622224357,123456
17622224358,123456
17622224359,123456
17622224360,123456
17622224361,123456
17622224362,123456
17622224363,123456
17622224364,123456
17622224365,123456
17622224366,123456
17622224367,123456
17622224368,123456
17622224369,123456
17622224370,123456
17622224371,123456
17622224372,123456
17622224373,123456
17622224374,123456
17622224375,123456
17622224376,123456
17622224377,123456
17622224378,123456
17622224379,123456
17622224380,123456
17622224381,123456
17622224382,123456
17622224383,123456
17622224384,123456
17622224385,123456
17622224386,123456
17622224387,123456
17622224388,123456
17622224389,123456
17622224390,123456
17622224391,123456
17622224392,123456
17622224393,123456
17622224394,123456
17622224395,123456
17622224396,123456
17622224397,123456
17622224398,123456
17622224399,123456
17622224400,123456
17622224401,123456
17622224402,123456
17622224403,123456
17622224404,123456
17622224405,123456
17622224406,123456
17622224407,123456
17622224408,123456
17622224409,123456
17622224410,123456
17622224411,123456
17622224412,123456
17622224413,123456
17622224414,123456
17622224415,123456
17622224416,123456
17622224417,123456
17622224418,123456
17622224419,123456
17622224420,123456
17622224421,123456
17622224422,123456
17622224423,123456
17622224424,123456
17622224425,123456
17622224426,123456
17622224427,123456
17622224428,123456
17622224429,123456
17622224430,123456
17622224431,123456
17622224432,123456
17622224433,123456
17622224434,123456
17622224435,123456
17622224436,123456
17622224437,123456
17622224438,123456
17622224439,123456
17622224440,123456
17622224441,123456
17622224442,123456
17622224443,123456
17622224444,123456
17622224445,123456
17622224446,123456
17622224447,123456
17622224448,123456
17622224449,123456
17622224450,123456
17622224451,123456
17622224452,123456
17622224453,123456
17622224454,123456
17622224455,123456
17622224456,123456
17622224457,123456
17622224458,123456
17622224459,123456
17622224460,123456
17622224461,123456
17622224462,123456
17622224463,123456
17622224464,123456
17622224465,123456
17622224466,123456
17622224467,123456
17622224468,123456
17622224469,123456
17622224470,123456
17622224471,123456
17622224472,123456
17622224473,123456
17622224474,123456
17622224475,123456
17622224476,123456
17622224477,123456
17622224478,123456
17622224479,123456
17622224480,123456
17622224481,123456
17622224482,123456
17622224483,123456
17622224484,123456
17622224485,123456
17622224486,123456
17622224487,123456
17622224488,123456
17622224489,123456
17622224490,123456
17622224491,123456
17622224492,123456
17622224493,123456
17622224494,123456
17622224495,123456
17622224496,123456
17622224497,123456
17622224498,123456
17622224499,123456
17622224500,123456
17622224501,123456
17622224502,123456
17622224503,123456
17622224504,123456
17622224505,123456
17622224506,123456
17622224507,123456
17622224508,123456
17622224509,123456
17622224510,123456
17622224511,123456
17622224512,123456
17622224513,123456
17622224514,123456
17622224515,123456
17622224516,123456
17622224517,123456
17622224518,123456
17622224519,123456
17622224520,123456
17622224521,123456
17622224522,123456
17622224523,123456
17622224524,123456
17622224525,123456
17622224526,123456
17622224527,123456
17622224528,123456
17622224529,123456
17622224530,123456
17622224531,123456
17622224532,123456
17622224533,123456
17622224534,123456
17622224535,123456
17622224536,123456
17622224537,123456
17622224538,123456
17622224539,123456
17622224540,123456
17622224541,123456
17622224542,123456
17622224543,123456
17622224544,123456
17622224545,123456
17622224546,123456
17622224547,123456
17622224548,123456
17622224549,123456
17622224550,123456
17622224551,123456
17622224552,123456
17622224553,123456
17622224554,123456
17622224555,123456
17622224556,123456
17622224557,123456
17622224558,123456
17622224559,123456
17622224560,123456
17622224561,123456
17622224562,123456
17622224563,123456
17622224564,123456
17622224565,123456
17622224566,123456
17622224567,123456
17622224568,123456
17622224569,123456
17622224570,123456
17622224571,123456
17622224572,123456
17622224573,123456
17622224574,123456
17622224575,123456
17622224576,123456
17622224577,123456
17622224578,123456
17622224579,123456
17622224580,123456
17622224581,123456
17622224582,123456
17622224583,123456
17622224584,123456
17622224585,123456
17622224586,123456
17622224587,123456
17622224588,123456
17622224589,123456
17622224590,123456
17622224591,123456
17622224592,123456
17622224593,123456
17622224594,123456
17622224595,123456
17622224596,123456
17622224597,123456
17622224598,123456
17622224599,123456
17622224600,123456
17622224601,123456
17622224602,123456
17622224603,123456
17622224604,123456
17622224605,123456
17622224606,123456
17622224607,123456
17622224608,123456
17622224609,123456
17622224610,123456
17622224611,123456
17622224612,123456
17622224613,123456
17622224614,123456
17622224615,123456
17622224616,123456
17622224617,123456
17622224618,123456
17622224619,123456
17622224620,123456
17622224621,123456
17622224622,123456
17622224623,123456
17622224624,123456
17622224625,123456
17622224626,123456
17622224627,123456
17622224628,123456
17622224629,123456
17622224630,123456
17622224631,123456
17622224632,123456
17622224633,123456
17622224634,123456
17622224635,123456
17622224636,123456
17622224637,123456
17622224638,123456
17622224639,123456
17622224640,123456
17622224641,123456
17622224642,123456
17622224643,123456
17622224644,123456
17622224645,123456
17622224646,123456
17622224647,123456
17622224648,123456
17622224649,123456
17622224650,123456
17622224651,123456
17622224652,123456
17622224653,123456
17622224654,123456
17622224655,123456
17622224656,123456
17622224657,123456
17622224658,123456
17622224659,123456
17622224660,123456
17622224661,123456
17622224662,123456
17622224663,123456
17622224664,123456
17622224665,123456
17622224666,123456
17622224667,123456
17622224668,123456
17622224669,123456
17622224670,123456
17622224671,123456
17622224672,123456
17622224673,123456
17622224674,123456
17622224675,123456
17622224676,123456
17622224677,123456
17622224678,123456
17622224679,123456
17622224680,123456
17622224681,123456
17622224682,123456
17622224683,123456
17622224684,123456
17622224685,123456
17622224686,123456
17622224687,123456
17622224688,123456
17622224689,123456
17622224690,123456
17622224691,123456
17622224692,123456
17622224693,123456
17622224694,123456
17622224695,123456
17622224696,123456
17622224697,123456
17622224698,123456
17622224699,123456
17622224700,123456
17622224701,123456
17622224702,123456
17622224703,123456
17622224704,123456
17622224705,123456
17622224706,123456
17622224707,123456
17622224708,123456
17622224709,123456
17622224710,123456
17622224711,123456
17622224712,123456
17622224713,123456
17622224714,123456
17622224715,123456
17622224716,123456
17622224717,123456
17622224718,123456
17622224719,123456
17622224720,123456
17622224721,123456
17622224722,123456
17622224723,123456
17622224724,123456
17622224725,123456
17622224726,123456
17622224727,123456
17622224728,123456
17622224729,123456
17622224730,123456
17622224731,123456
17622224732,123456
17622224733,123456
17622224734,123456
17622224735,123456
17622224736,123456
17622224737,123456
17622224738,123456
17622224739,123456
17622224740,123456
17622224741,123456
17622224742,123456
17622224743,123456
17622224744,123456
17622224745,123456
17622224746,123456
17622224747,123456
17622224748,123456
17622224749,123456
17622224750,123456
17622224751,123456
17622224752,123456
17622224753,123456
17622224754,123456
17622224755,123456
17622224756,123456
17622224757,123456
17622224758,123456
17622224759,123456
17622224760,123456
17622224761,123456
17622224762,123456
17622224763,123456
17622224764,123456
17622224765,123456
17622224766,123456
17622224767,123456
17622224768,123456
17622224769,123456
17622224770,123456
17622224771,123456
17622224772,123456
17622224773,123456
17622224774,123456
17622224775,123456
17622224776,123456
17622224777,123456
17622224778,123456
17622224779,123456
17622224780,123456
17622224781,123456
17622224782,123456
17622224783,123456
17622224784,123456
17622224785,123456
17622224786,123456
17622224787,123456
17622224788,123456
17622224789,123456
17622224790,123456
17622224791,123456
17622224792,123456
17622224793,123456
17622224794,123456
17622224795,123456
17622224796,123456
17622224797,123456
17622224798,123456
17622224799,123456
17622224800,123456
17622224801,123456
17622224802,123456
17622224803,123456
17622224804,123456
17622224805,123456
17622224806,123456
17622224807,123456
17622224808,123456
17622224809,123456
17622224810,123456
17622224811,123456
17622224812,123456
17622224813,123456
17622224814,123456
17622224815,123456
17622224816,123456
17622224817,123456
17622224818,123456
17622224819,123456
17622224820,123456
17622224821,123456
17622224822,123456
17622224823,123456
17622224824,123456
17622224825,123456
17622224826,123456
17622224827,123456
17622224828,123456
17622224829,123456
17622224830,123456
17622224831,123456
17622224832,123456
17622224833,123456
17622224834,123456
17622224835,123456
17622224836,123456
17622224837,123456
17622224838,123456
17622224839,123456
17622224840,123456
17622224841,123456
17622224842,123456
17622224843,123456
17622224844,123456
17622224845,123456
17622224846,123456
17622224847,123456
17622224848,123456
17622224849,123456
17622224850,123456
17622224851,123456
17622224852,123456
17622224853,123456
17622224854,123456
17622224855,123456
17622224856,123456
17622224857,123456
17622224858,123456
17622224859,123456
17622224860,123456
17622224861,123456
17622224862,123456
17622224863,123456
17622224864,123456
17622224865,123456
17622224866,123456
17622224867,123456
17622224868,123456
17622224869,123456
17622224870,123456
17622224871,123456
17622224872,123456
17622224873,123456
17622224874,123456
17622224875,123456
17622224876,123456
17622224877,123456
17622224878,123456
17622224879,123456
17622224880,123456
17622224881,123456
17622224882,123456
17622224883,123456
17622224884,123456
17622224885,123456
17622224886,123456
17622224887,123456
17622224888,123456
17622224889,123456
17622224890,123456
17622224891,123456
17622224892,123456
17622224893,123456
17622224894,123456
17622224895,123456
17622224896,123456
17622224897,123456
17622224898,123456
17622224899,123456
17622224900,123456
17622224901,123456
17622224902,123456
17622224903,123456
17622224904,123456
17622224905,123456
17622224906,123456
17622224907,123456
17622224908,123456
17622224909,123456
17622224910,123456
17622224911,123456
17622224912,123456
17622224913,123456
17622224914,123456
17622224915,123456
17622224916,123456
17622224917,123456
17622224918,123456
17622224919,123456
17622224920,123456
17622224921,123456
17622224922,123456
17622224923,123456
17622224924,123456
17622224925,123456
17622224926,123456
17622224927,123456
17622224928,123456
17622224929,123456
17622224930,123456
17622224931,123456
17622224932,123456
17622224933,123456
17622224934,123456
17622224935,123456
17622224936,123456
17622224937,123456
17622224938,123456
17622224939,123456
17622224940,123456
17622224941,123456
17622224942,123456
17622224943,123456
17622224944,123456
17622224945,123456
17622224946,123456
17622224947,123456
17622224948,123456
17622224949,123456
17622224950,123456
17622224951,123456
17622224952,123456
17622224953,123456
17622224954,123456
17622224955,123456
17622224956,123456
17622224957,123456
17622224958,123456
17622224959,123456
17622224960,123456
17622224961,123456
17622224962,123456
17622224963,123456
17622224964,123456
17622224965,123456
17622224966,123456
17622224967,123456
17622224968,123456
17622224969,123456
17622224970,123456
17622224971,123456
17622224972,123456
17622224973,123456
17622224974,123456
17622224975,123456
17622224976,123456
17622224977,123456
17622224978,123456
17622224979,123456
17622224980,123456
17622224981,123456
17622224982,123456
17622224983,123456
17622224984,123456
17622224985,123456
17622224986,123456
17622224987,123456
17622224988,123456
17622224989,123456
17622224990,123456
17622224991,123456
17622224992,123456
17622224993,123456
17622224994,123456
17622224995,123456
17622224996,123456
17622224997,123456
17622224998,123456
17622224999,123456
17622225000,123456
17622225001,123456
17622225002,123456
17622225003,123456
17622225004,123456
17622225005,123456
17622225006,123456
17622225007,123456
17622225008,123456
17622225009,123456
17622225010,123456
17622225011,123456
17622225012,123456
17622225013,123456
17622225014,123456
17622225015,123456
17622225016,123456
17622225017,123456
17622225018,123456
17622225019,123456
17622225020,123456
17622225021,123456
17622225022,123456
17622225023,123456
17622225024,123456
17622225025,123456
17622225026,123456
17622225027,123456
17622225028,123456
17622225029,123456
17622225030,123456
17622225031,123456
17622225032,123456
17622225033,123456
17622225034,123456
17622225035,123456
17622225036,123456
17622225037,123456
17622225038,123456
17622225039,123456
17622225040,123456
17622225041,123456
17622225042,123456
17622225043,123456
17622225044,123456
17622225045,123456
17622225046,123456
17622225047,123456
17622225048,123456
17622225049,123456
17622225050,123456
17622225051,123456
17622225052,123456
17622225053,123456
17622225054,123456
17622225055,123456
17622225056,123456
17622225057,123456
17622225058,123456
17622225059,123456
17622225060,123456
17622225061,123456
17622225062,123456
17622225063,123456
17622225064,123456
17622225065,123456
17622225066,123456
17622225067,123456
17622225068,123456
17622225069,123456
17622225070,123456
17622225071,123456
17622225072,123456
17622225073,123456
17622225074,123456
17622225075,123456
17622225076,123456
17622225077,123456
17622225078,123456
17622225079,123456
17622225080,123456
17622225081,123456
17622225082,123456
17622225083,123456
17622225084,123456
17622225085,123456
17622225086,123456
17622225087,123456
17622225088,123456
17622225089,123456
17622225090,123456
17622225091,123456
17622225092,123456
17622225093,123456
17622225094,123456
17622225095,123456
17622225096,123456
17622225097,123456
17622225098,123456
17622225099,123456
17622225100,123456
17622225101,123456
17622225102,123456
17622225103,123456
17622225104,123456
17622225105,123456
17622225106,123456
17622225107,123456
17622225108,123456
17622225109,123456
17622225110,123456
17622225111,123456
17622225112,123456
17622225113,123456
17622225114,123456
17622225115,123456
17622225116,123456
17622225117,123456
17622225118,123456
17622225119,123456
17622225120,123456
17622225121,123456
17622225122,123456
17622225123,123456
17622225124,123456
17622225125,123456
17622225126,123456
17622225127,123456
17622225128,123456
17622225129,123456
17622225130,123456
17622225131,123456
17622225132,123456
17622225133,123456
17622225134,123456
17622225135,123456
17622225136,123456
17622225137,123456
17622225138,123456
17622225139,123456
17622225140,123456
17622225141,123456
17622225142,123456
17622225143,123456
17622225144,123456
17622225145,123456
17622225146,123456
17622225147,123456
17622225148,123456
17622225149,123456
17622225150,123456
17622225151,123456
17622225152,123456
17622225153,123456
17622225154,123456
17622225155,123456
17622225156,123456
17622225157,123456
17622225158,123456
17622225159,123456
17622225160,123456
17622225161,123456
17622225162,123456
17622225163,123456
17622225164,123456
17622225165,123456
17622225166,123456
17622225167,123456
17622225168,123456
17622225169,123456
17622225170,123456
17622225171,123456
17622225172,123456
17622225173,123456
17622225174,123456
17622225175,123456
17622225176,123456
17622225177,123456
17622225178,123456
17622225179,123456
17622225180,123456
17622225181,123456
17622225182,123456
17622225183,123456
17622225184,123456
17622225185,123456
17622225186,123456
17622225187,123456
17622225188,123456
17622225189,123456
17622225190,123456
17622225191,123456
17622225192,123456
17622225193,123456
17622225194,123456
17622225195,123456
17622225196,123456
17622225197,123456
17622225198,123456
17622225199,123456
17622225200,123456
17622225201,123456
17622225202,123456
17622225203,123456
17622225204,123456
17622225205,123456
17622225206,123456
17622225207,123456
17622225208,123456
17622225209,123456
17622225210,123456
17622225211,123456
17622225212,123456
17622225213,123456
17622225214,123456
17622225215,123456
17622225216,123456
17622225217,123456
17622225218,123456
17622225219,123456
17622225220,123456
17622225221,123456
17622225222,123456
17622225223,123456
17622225224,123456
17622225225,123456
17622225226,123456
17622225227,123456
17622225228,123456
17622225229,123456
17622225230,123456
17622225231,123456
17622225232,123456
17622225233,123456
17622225234,123456
17622225235,123456
17622225236,123456
17622225237,123456
17622225238,123456
17622225239,123456
17622225240,123456
17622225241,123456
17622225242,123456
17622225243,123456
17622225244,123456
17622225245,123456
17622225246,123456
17622225247,123456
17622225248,123456
17622225249,123456
17622225250,123456
17622225251,123456
17622225252,123456
17622225253,123456
17622225254,123456
17622225255,123456
17622225256,123456
17622225257,123456
17622225258,123456
17622225259,123456
17622225260,123456
17622225261,123456
17622225262,123456
17622225263,123456
17622225264,123456
17622225265,123456
17622225266,123456
17622225267,123456
17622225268,123456
17622225269,123456
17622225270,123456
17622225271,123456
17622225272,123456
17622225273,123456
17622225274,123456
17622225275,123456
17622225276,123456
17622225277,123456
17622225278,123456
17622225279,123456
17622225280,123456
17622225281,123456
17622225282,123456
17622225283,123456
17622225284,123456
17622225285,123456
17622225286,123456
17622225287,123456
17622225288,123456
17622225289,123456
17622225290,123456
17622225291,123456
17622225292,123456
17622225293,123456
17622225294,123456
17622225295,123456
17622225296,123456
17622225297,123456
17622225298,123456
17622225299,123456
17622225300,123456
17622225301,123456
17622225302,123456
17622225303,123456
17622225304,123456
17622225305,123456
17622225306,123456
17622225307,123456
17622225308,123456
17622225309,123456
17622225310,123456
17622225311,123456
17622225312,123456
17622225313,123456
17622225314,123456
17622225315,123456
17622225316,123456
17622225317,123456
17622225318,123456
17622225319,123456
17622225320,123456
17622225321,123456
17622225322,123456
17622225323,123456
17622225324,123456
17622225325,123456
17622225326,123456
17622225327,123456
17622225328,123456
17622225329,123456
17622225330,123456
17622225331,123456
17622225332,123456
17622225333,123456
17622225334,123456
17622225335,123456
17622225336,123456
17622225337,123456
17622225338,123456
17622225339,123456
17622225340,123456
17622225341,123456
17622225342,123456
17622225343,123456
17622225344,123456
17622225345,123456
17622225346,123456
17622225347,123456
17622225348,123456
17622225349,123456
17622225350,123456
17622225351,123456
17622225352,123456
17622225353,123456
17622225354,123456
17622225355,123456
17622225356,123456
17622225357,123456
17622225358,123456
17622225359,123456
17622225360,123456
17622225361,123456
17622225362,123456
17622225363,123456
17622225364,123456
17622225365,123456
17622225366,123456
17622225367,123456
17622225368,123456
17622225369,123456
17622225370,123456
17622225371,123456
17622225372,123456
17622225373,123456
17622225374,123456
17622225375,123456
17622225376,123456
17622225377,123456
17622225378,123456
17622225379,123456
17622225380,123456
17622225381,123456
17622225382,123456
17622225383,123456
17622225384,123456
17622225385,123456
17622225386,123456
17622225387,123456
17622225388,123456
17622225389,123456
17622225390,123456
17622225391,123456
17622225392,123456
17622225393,123456
17622225394,123456
17622225395,123456
17622225396,123456
17622225397,123456
17622225398,123456
17622225399,123456
17622225400,123456
17622225401,123456
17622225402,123456
17622225403,123456
17622225404,123456
17622225405,123456
17622225406,123456
17622225407,123456
17622225408,123456
17622225409,123456
17622225410,123456
17622225411,123456
17622225412,123456
17622225413,123456
17622225414,123456
17622225415,123456
17622225416,123456
17622225417,123456
17622225418,123456
17622225419,123456
17622225420,123456
17622225421,123456
17622225422,123456
17622225423,123456
17622225424,123456
17622225425,123456
17622225426,123456
17622225427,123456
17622225428,123456
17622225429,123456
17622225430,123456
17622225431,123456
17622225432,123456
17622225433,123456
17622225434,123456
17622225435,123456
17622225436,123456
17622225437,123456
17622225438,123456
17622225439,123456
17622225440,123456
17622225441,123456
17622225442,123456
17622225443,123456
17622225444,123456
17622225445,123456
17622225446,123456
17622225447,123456
17622225448,123456
17622225449,123456
17622225450,123456
17622225451,123456
17622225452,123456
17622225453,123456
17622225454,123456
17622225455,123456
17622225456,123456
17622225457,123456
17622225458,123456
17622225459,123456
17622225460,123456
17622225461,123456
17622225462,123456
17622225463,123456
17622225464,123456
17622225465,123456
17622225466,123456
17622225467,123456
17622225468,123456
17622225469,123456
17622225470,123456
17622225471,123456
17622225472,123456
17622225473,123456
17622225474,123456
17622225475,123456
17622225476,123456
17622225477,123456
17622225478,123456
17622225479,123456
17622225480,123456
17622225481,123456
17622225482,123456
17622225483,123456
17622225484,123456
17622225485,123456
17622225486,123456
17622225487,123456
17622225488,123456
17622225489,123456
17622225490,123456
17622225491,123456
17622225492,123456
17622225493,123456
17622225494,123456
17622225495,123456
17622225496,123456
17622225497,123456
17622225498,123456
17622225499,123456
17622225500,123456
17622225501,123456
17622225502,123456
17622225503,123456
17622225504,123456
17622225505,123456
17622225506,123456
17622225507,123456
17622225508,123456
17622225509,123456
17622225510,123456
17622225511,123456
17622225512,123456
17622225513,123456
17622225514,123456
17622225515,123456
17622225516,123456
17622225517,123456
17622225518,123456
17622225519,123456
17622225520,123456
17622225521,123456
17622225522,123456
17622225523,123456
17622225524,123456
17622225525,123456
17622225526,123456
17622225527,123456
17622225528,123456
17622225529,123456
17622225530,123456
17622225531,123456
17622225532,123456
17622225533,123456
17622225534,123456
17622225535,123456
17622225536,123456
17622225537,123456
17622225538,123456
17622225539,123456
17622225540,123456
17622225541,123456
17622225542,123456
17622225543,123456
17622225544,123456
17622225545,123456
17622225546,123456
17622225547,123456
17622225548,123456
17622225549,123456
17622225550,123456
17622225551,123456
17622225552,123456
17622225553,123456
17622225554,123456
17622225555,123456
17622225556,123456
17622225557,123456
17622225558,123456
17622225559,123456
17622225560,123456
17622225561,123456
17622225562,123456
17622225563,123456
17622225564,123456
17622225565,123456
17622225566,123456
17622225567,123456
17622225568,123456
17622225569,123456
17622225570,123456
17622225571,123456
17622225572,123456
17622225573,123456
17622225574,123456
17622225575,123456
17622225576,123456
17622225577,123456
17622225578,123456
17622225579,123456
17622225580,123456
17622225581,123456
17622225582,123456
17622225583,123456
17622225584,123456
17622225585,123456
17622225586,123456
17622225587,123456
17622225588,123456
17622225589,123456
17622225590,123456
17622225591,123456
17622225592,123456
17622225593,123456
17622225594,123456
17622225595,123456
17622225596,123456
17622225597,123456
17622225598,123456
17622225599,123456
17622225600,123456
17622225601,123456
17622225602,123456
17622225603,123456
17622225604,123456
17622225605,123456
17622225606,123456
17622225607,123456
17622225608,123456
17622225609,123456
17622225610,123456
17622225611,123456
17622225612,123456
17622225613,123456
17622225614,123456
17622225615,123456
17622225616,123456
17622225617,123456
17622225618,123456
17622225619,123456
17622225620,123456
17622225621,123456
17622225622,123456
17622225623,123456
17622225624,123456
17622225625,123456
17622225626,123456
17622225627,123456
17622225628,123456
17622225629,123456
17622225630,123456
17622225631,123456
17622225632,123456
17622225633,123456
17622225634,123456
17622225635,123456
17622225636,123456
17622225637,123456
17622225638,123456
17622225639,123456
17622225640,123456
17622225641,123456
17622225642,123456
17622225643,123456
17622225644,123456
17622225645,123456
17622225646,123456
17622225647,123456
17622225648,123456
17622225649,123456
17622225650,123456
17622225651,123456
17622225652,123456
17622225653,123456
17622225654,123456
17622225655,123456
17622225656,123456
17622225657,123456
17622225658,123456
17622225659,123456
17622225660,123456
17622225661,123456
17622225662,123456
17622225663,123456
17622225664,123456
17622225665,123456
17622225666,123456
17622225667,123456
17622225668,123456
17622225669,123456
17622225670,123456
17622225671,123456
17622225672,123456
17622225673,123456
17622225674,123456
17622225675,123456
17622225676,123456
17622225677,123456
17622225678,123456
17622225679,123456
17622225680,123456
17622225681,123456
17622225682,123456
17622225683,123456
17622225684,123456
17622225685,123456
17622225686,123456
17622225687,123456
17622225688,123456
17622225689,123456
17622225690,123456
17622225691,123456
17622225692,123456
17622225693,123456
17622225694,123456
17622225695,123456
17622225696,123456
17622225697,123456
17622225698,123456
17622225699,123456
17622225700,123456
17622225701,123456
17622225702,123456
17622225703,123456
17622225704,123456
17622225705,123456
17622225706,123456
17622225707,123456
17622225708,123456
17622225709,123456
17622225710,123456
17622225711,123456
17622225712,123456
17622225713,123456
17622225714,123456
17622225715,123456
17622225716,123456
17622225717,123456
17622225718,123456
17622225719,123456
17622225720,123456
17622225721,123456
17622225722,123456
17622225723,123456
17622225724,123456
17622225725,123456
17622225726,123456
17622225727,123456
17622225728,123456
17622225729,123456
17622225730,123456
17622225731,123456
17622225732,123456
17622225733,123456
17622225734,123456
17622225735,123456
17622225736,123456
17622225737,123456
17622225738,123456
17622225739,123456
17622225740,123456
17622225741,123456
17622225742,123456
17622225743,123456
17622225744,123456
17622225745,123456
17622225746,123456
17622225747,123456
17622225748,123456
17622225749,123456
17622225750,123456
17622225751,123456
17622225752,123456
17622225753,123456
17622225754,123456
17622225755,123456
17622225756,123456
17622225757,123456
17622225758,123456
17622225759,123456
17622225760,123456
17622225761,123456
17622225762,123456
17622225763,123456
17622225764,123456
17622225765,123456
17622225766,123456
17622225767,123456
17622225768,123456
17622225769,123456
17622225770,123456
17622225771,123456
17622225772,123456
17622225773,123456
17622225774,123456
17622225775,123456
17622225776,123456
17622225777,123456
17622225778,123456
17622225779,123456
17622225780,123456
17622225781,123456
17622225782,123456
17622225783,123456
17622225784,123456
17622225785,123456
17622225786,123456
17622225787,123456
17622225788,123456
17622225789,123456
17622225790,123456
17622225791,123456
17622225792,123456
17622225793,123456
17622225794,123456
17622225795,123456
17622225796,123456
17622225797,123456
17622225798,123456
17622225799,123456
17622225800,123456
17622225801,123456
17622225802,123456
17622225803,123456
17622225804,123456
17622225805,123456
17622225806,123456
17622225807,123456
17622225808,123456
17622225809,123456
17622225810,123456
17622225811,123456
17622225812,123456
17622225813,123456
17622225814,123456
17622225815,123456
17622225816,123456
17622225817,123456
17622225818,123456
17622225819,123456
17622225820,123456
17622225821,123456
17622225822,123456
17622225823,123456
17622225824,123456
17622225825,123456
17622225826,123456
17622225827,123456
17622225828,123456
17622225829,123456
17622225830,123456
17622225831,123456
17622225832,123456
17622225833,123456
17622225834,123456
17622225835,123456
17622225836,123456
17622225837,123456
17622225838,123456
17622225839,123456
17622225840,123456
17622225841,123456
17622225842,123456
17622225843,123456
17622225844,123456
17622225845,123456
17622225846,123456
17622225847,123456
17622225848,123456
17622225849,123456
17622225850,123456
17622225851,123456
17622225852,123456
17622225853,123456
17622225854,123456
17622225855,123456
17622225856,123456
17622225857,123456
17622225858,123456
17622225859,123456
17622225860,123456
17622225861,123456
17622225862,123456
17622225863,123456
17622225864,123456
17622225865,123456
17622225866,123456
17622225867,123456
17622225868,123456
17622225869,123456
17622225870,123456
17622225871,123456
17622225872,123456
17622225873,123456
17622225874,123456
17622225875,123456
17622225876,123456
17622225877,123456
17622225878,123456
17622225879,123456
17622225880,123456
17622225881,123456
17622225882,123456
17622225883,123456
17622225884,123456
17622225885,123456
17622225886,123456
17622225887,123456
17622225888,123456
17622225889,123456
17622225890,123456
17622225891,123456
17622225892,123456
17622225893,123456
17622225894,123456
17622225895,123456
17622225896,123456
17622225897,123456
17622225898,123456
17622225899,123456
17622225900,123456
17622225901,123456
17622225902,123456
17622225903,123456
17622225904,123456
17622225905,123456
17622225906,123456
17622225907,123456
17622225908,123456
17622225909,123456
17622225910,123456
17622225911,123456
17622225912,123456
17622225913,123456
17622225914,123456
17622225915,123456
17622225916,123456
17622225917,123456
17622225918,123456
17622225919,123456
17622225920,123456
17622225921,123456
17622225922,123456
17622225923,123456
17622225924,123456
17622225925,123456
17622225926,123456
17622225927,123456
17622225928,123456
17622225929,123456
17622225930,123456
17622225931,123456
17622225932,123456
17622225933,123456
17622225934,123456
17622225935,123456
17622225936,123456
17622225937,123456
17622225938,123456
17622225939,123456
17622225940,123456
17622225941,123456
17622225942,123456
17622225943,123456
17622225944,123456
17622225945,123456
17622225946,123456
17622225947,123456
17622225948,123456
17622225949,123456
17622225950,123456
17622225951,123456
17622225952,123456
17622225953,123456
17622225954,123456
17622225955,123456
17622225956,123456
17622225957,123456
17622225958,123456
17622225959,123456
17622225960,123456
17622225961,123456
17622225962,123456
17622225963,123456
17622225964,123456
17622225965,123456
17622225966,123456
17622225967,123456
17622225968,123456
17622225969,123456
17622225970,123456
17622225971,123456
17622225972,123456
17622225973,123456
17622225974,123456
17622225975,123456
17622225976,123456
17622225977,123456
17622225978,123456
17622225979,123456
17622225980,123456
17622225981,123456
17622225982,123456
17622225983,123456
17622225984,123456
17622225985,123456
17622225986,123456
17622225987,123456
17622225988,123456
17622225989,123456
17622225990,123456
17622225991,123456
17622225992,123456
17622225993,123456
17622225994,123456
17622225995,123456
17622225996,123456
17622225997,123456
17622225998,123456
17622225999,123456
17622226000,123456
17622226001,123456
17622226002,123456
17622226003,123456
17622226004,123456
17622226005,123456
17622226006,123456
17622226007,123456
17622226008,123456
17622226009,123456
17622226010,123456
17622226011,123456
17622226012,123456
17622226013,123456
17622226014,123456
17622226015,123456
17622226016,123456
17622226017,123456
17622226018,123456
17622226019,123456
17622226020,123456
17622226021,123456
17622226022,123456
17622226023,123456
17622226024,123456
17622226025,123456
17622226026,123456
17622226027,123456
17622226028,123456
17622226029,123456
17622226030,123456
17622226031,123456
17622226032,123456
17622226033,123456
17622226034,123456
17622226035,123456
17622226036,123456
17622226037,123456
17622226038,123456
17622226039,123456
17622226040,123456
17622226041,123456
17622226042,123456
17622226043,123456
17622226044,123456
17622226045,123456
17622226046,123456
17622226047,123456
17622226048,123456
17622226049,123456
17622226050,123456
17622226051,123456
17622226052,123456
17622226053,123456
17622226054,123456
17622226055,123456
17622226056,123456
17622226057,123456
17622226058,123456
17622226059,123456
17622226060,123456
17622226061,123456
17622226062,123456
17622226063,123456
17622226064,123456
17622226065,123456
17622226066,123456
17622226067,123456
17622226068,123456
17622226069,123456
17622226070,123456
17622226071,123456
17622226072,123456
17622226073,123456
17622226074,123456
17622226075,123456
17622226076,123456
17622226077,123456
17622226078,123456
17622226079,123456
17622226080,123456
17622226081,123456
17622226082,123456
17622226083,123456
17622226084,123456
17622226085,123456
17622226086,123456
17622226087,123456
17622226088,123456
17622226089,123456
17622226090,123456
17622226091,123456
17622226092,123456
17622226093,123456
17622226094,123456
17622226095,123456
17622226096,123456
17622226097,123456
17622226098,123456
17622226099,123456
17622226100,123456
17622226101,123456
17622226102,123456
17622226103,123456
17622226104,123456
17622226105,123456
17622226106,123456
17622226107,123456
17622226108,123456
17622226109,123456
17622226110,123456
17622226111,123456
17622226112,123456
17622226113,123456
17622226114,123456
17622226115,123456
17622226116,123456
17622226117,123456
17622226118,123456
17622226119,123456
17622226120,123456
17622226121,123456
17622226122,123456
17622226123,123456
17622226124,123456
17622226125,123456
17622226126,123456
17622226127,123456
17622226128,123456
17622226129,123456
17622226130,123456
17622226131,123456
17622226132,123456
17622226133,123456
17622226134,123456
17622226135,123456
17622226136,123456
17622226137,123456
17622226138,123456
17622226139,123456
17622226140,123456
17622226141,123456
17622226142,123456
17622226143,123456
17622226144,123456
17622226145,123456
17622226146,123456
17622226147,123456
17622226148,123456
17622226149,123456
17622226150,123456
17622226151,123456
17622226152,123456
17622226153,123456
17622226154,123456
17622226155,123456
17622226156,123456
17622226157,123456
17622226158,123456
17622226159,123456
17622226160,123456
17622226161,123456
17622226162,123456
17622226163,123456
17622226164,123456
17622226165,123456
17622226166,123456
17622226167,123456
17622226168,123456
17622226169,123456
17622226170,123456
17622226171,123456
17622226172,123456
17622226173,123456
17622226174,123456
17622226175,123456
17622226176,123456
17622226177,123456
17622226178,123456
17622226179,123456
17622226180,123456
17622226181,123456
17622226182,123456
17622226183,123456
17622226184,123456
17622226185,123456
17622226186,123456
17622226187,123456
17622226188,123456
17622226189,123456
17622226190,123456
17622226191,123456
17622226192,123456
17622226193,123456
17622226194,123456
17622226195,123456
17622226196,123456
17622226197,123456
17622226198,123456
17622226199,123456
17622226200,123456
17622226201,123456
17622226202,123456
17622226203,123456
17622226204,123456
17622226205,123456
17622226206,123456
17622226207,123456
17622226208,123456
17622226209,123456
17622226210,123456
17622226211,123456
17622226212,123456
17622226213,123456
17622226214,123456
17622226215,123456
17622226216,123456
17622226217,123456
17622226218,123456
17622226219,123456
17622226220,123456
17622226221,123456
17622226222,123456
17622226223,123456
17622226224,123456
17622226225,123456
17622226226,123456
17622226227,123456
17622226228,123456
17622226229,123456
17622226230,123456
17622226231,123456
17622226232,123456
17622226233,123456
17622226234,123456
17622226235,123456
17622226236,123456
17622226237,123456
17622226238,123456
17622226239,123456
17622226240,123456
17622226241,123456
17622226242,123456
17622226243,123456
17622226244,123456
17622226245,123456
17622226246,123456
17622226247,123456
17622226248,123456
17622226249,123456
17622226250,123456
17622226251,123456
17622226252,123456
17622226253,123456
17622226254,123456
17622226255,123456
17622226256,123456
17622226257,123456
17622226258,123456
17622226259,123456
17622226260,123456
17622226261,123456
17622226262,123456
17622226263,123456
17622226264,123456
17622226265,123456
17622226266,123456
17622226267,123456
17622226268,123456
17622226269,123456
17622226270,123456
17622226271,123456
17622226272,123456
17622226273,123456
17622226274,123456
17622226275,123456
17622226276,123456
17622226277,123456
17622226278,123456
17622226279,123456
17622226280,123456
17622226281,123456
17622226282,123456
17622226283,123456
17622226284,123456
17622226285,123456
17622226286,123456
17622226287,123456
17622226288,123456
17622226289,123456
17622226290,123456
17622226291,123456
17622226292,123456
17622226293,123456
17622226294,123456
17622226295,123456
17622226296,123456
17622226297,123456
17622226298,123456
17622226299,123456
17622226300,123456
17622226301,123456
17622226302,123456
17622226303,123456
17622226304,123456
17622226305,123456
17622226306,123456
17622226307,123456
17622226308,123456
17622226309,123456
17622226310,123456
17622226311,123456
17622226312,123456
17622226313,123456
17622226314,123456
17622226315,123456
17622226316,123456
17622226317,123456
17622226318,123456
17622226319,123456
17622226320,123456
17622226321,123456
17622226322,123456
17622226323,123456
17622226324,123456
17622226325,123456
17622226326,123456
17622226327,123456
17622226328,123456
17622226329,123456
17622226330,123456
17622226331,123456
17622226332,123456
17622226333,123456
17622226334,123456
17622226335,123456
17622226336,123456
17622226337,123456
17622226338,123456
17622226339,123456
17622226340,123456
17622226341,123456
17622226342,123456
17622226343,123456
17622226344,123456
17622226345,123456
17622226346,123456
17622226347,123456
17622226348,123456
17622226349,123456
17622226350,123456
17622226351,123456
17622226352,123456
17622226353,123456
17622226354,123456
17622226355,123456
17622226356,123456
17622226357,123456
17622226358,123456
17622226359,123456
17622226360,123456
17622226361,123456
17622226362,123456
17622226363,123456
17622226364,123456
17622226365,123456
17622226366,123456
17622226367,123456
17622226368,123456
17622226369,123456
17622226370,123456
17622226371,123456
17622226372,123456
17622226373,123456
17622226374,123456
17622226375,123456
17622226376,123456
17622226377,123456
17622226378,123456
17622226379,123456
17622226380,123456
17622226381,123456
17622226382,123456
17622226383,123456
17622226384,123456
17622226385,123456
17622226386,123456
17622226387,123456
17622226388,123456
17622226389,123456
17622226390,123456
17622226391,123456
17622226392,123456
17622226393,123456
17622226394,123456
17622226395,123456
17622226396,123456
17622226397,123456
17622226398,123456
17622226399,123456
17622226400,123456
17622226401,123456
17622226402,123456
17622226403,123456
17622226404,123456
17622226405,123456
17622226406,123456
17622226407,123456
17622226408,123456
17622226409,123456
17622226410,123456
17622226411,123456
17622226412,123456
17622226413,123456
17622226414,123456
17622226415,123456
17622226416,123456
17622226417,123456
17622226418,123456
17622226419,123456
17622226420,123456
17622226421,123456
17622226422,123456
17622226423,123456
17622226424,123456
17622226425,123456
17622226426,123456
17622226427,123456
17622226428,123456
17622226429,123456
17622226430,123456
17622226431,123456
17622226432,123456
17622226433,123456
17622226434,123456
17622226435,123456
17622226436,123456
17622226437,123456
17622226438,123456
17622226439,123456
17622226440,123456
17622226441,123456
17622226442,123456
17622226443,123456
17622226444,123456
17622226445,123456
17622226446,123456
17622226447,123456
17622226448,123456
17622226449,123456
17622226450,123456
17622226451,123456
17622226452,123456
17622226453,123456
17622226454,123456
17622226455,123456
17622226456,123456
17622226457,123456
17622226458,123456
17622226459,123456
17622226460,123456
17622226461,123456
17622226462,123456
17622226463,123456
17622226464,123456
17622226465,123456
17622226466,123456
17622226467,123456
17622226468,123456
17622226469,123456
17622226470,123456
17622226471,123456
17622226472,123456
17622226473,123456
17622226474,123456
17622226475,123456
17622226476,123456
17622226477,123456
17622226478,123456
17622226479,123456
17622226480,123456
17622226481,123456
17622226482,123456
17622226483,123456
17622226484,123456
17622226485,123456
17622226486,123456
17622226487,123456
17622226488,123456
17622226489,123456
17622226490,123456
17622226491,123456
17622226492,123456
17622226493,123456
17622226494,123456
17622226495,123456
17622226496,123456
17622226497,123456
17622226498,123456
17622226499,123456
17622226500,123456
17622226501,123456
17622226502,123456
17622226503,123456
17622226504,123456
17622226505,123456
17622226506,123456
17622226507,123456
17622226508,123456
17622226509,123456
17622226510,123456
17622226511,123456
17622226512,123456
17622226513,123456
17622226514,123456
17622226515,123456
17622226516,123456
17622226517,123456
17622226518,123456
17622226519,123456
17622226520,123456
17622226521,123456
17622226522,123456
17622226523,123456
17622226524,123456
17622226525,123456
17622226526,123456
17622226527,123456
17622226528,123456
17622226529,123456
17622226530,123456
17622226531,123456
17622226532,123456
17622226533,123456
17622226534,123456
17622226535,123456
17622226536,123456
17622226537,123456
17622226538,123456
17622226539,123456
17622226540,123456
17622226541,123456
17622226542,123456
17622226543,123456
17622226544,123456
17622226545,123456
17622226546,123456
17622226547,123456
17622226548,123456
17622226549,123456
17622226550,123456
17622226551,123456
17622226552,123456
17622226553,123456
17622226554,123456
17622226555,123456
17622226556,123456
17622226557,123456
17622226558,123456
17622226559,123456
17622226560,123456
17622226561,123456
17622226562,123456
17622226563,123456
17622226564,123456
17622226565,123456
17622226566,123456
17622226567,123456
17622226568,123456
17622226569,123456
17622226570,123456
17622226571,123456
17622226572,123456
17622226573,123456
17622226574,123456
17622226575,123456
17622226576,123456
17622226577,123456
17622226578,123456
17622226579,123456
17622226580,123456
17622226581,123456
17622226582,123456
17622226583,123456
17622226584,123456
17622226585,123456
17622226586,123456
17622226587,123456
17622226588,123456
17622226589,123456
17622226590,123456
17622226591,123456
17622226592,123456
17622226593,123456
17622226594,123456
17622226595,123456
17622226596,123456
17622226597,123456
17622226598,123456
17622226599,123456
17622226600,123456
17622226601,123456
17622226602,123456
17622226603,123456
17622226604,123456
17622226605,123456
17622226606,123456
17622226607,123456
17622226608,123456
17622226609,123456
17622226610,123456
17622226611,123456
17622226612,123456
17622226613,123456
17622226614,123456
17622226615,123456
17622226616,123456
17622226617,123456
17622226618,123456
17622226619,123456
17622226620,123456
17622226621,123456
17622226622,123456
17622226623,123456
17622226624,123456
17622226625,123456
17622226626,123456
17622226627,123456
17622226628,123456
17622226629,123456
17622226630,123456
17622226631,123456
17622226632,123456
17622226633,123456
17622226634,123456
17622226635,123456
17622226636,123456
17622226637,123456
17622226638,123456
17622226639,123456
17622226640,123456
17622226641,123456
17622226642,123456
17622226643,123456
17622226644,123456
17622226645,123456
17622226646,123456
17622226647,123456
17622226648,123456
17622226649,123456
17622226650,123456
17622226651,123456
17622226652,123456
17622226653,123456
17622226654,123456
17622226655,123456
17622226656,123456
17622226657,123456
17622226658,123456
17622226659,123456
17622226660,123456
17622226661,123456
17622226662,123456
17622226663,123456
17622226664,123456
17622226665,123456
17622226666,123456
17622226667,123456
17622226668,123456
17622226669,123456
17622226670,123456
17622226671,123456
17622226672,123456
17622226673,123456
17622226674,123456
17622226675,123456
17622226676,123456
17622226677,123456
17622226678,123456
17622226679,123456
17622226680,123456
17622226681,123456
17622226682,123456
17622226683,123456
17622226684,123456
17622226685,123456
17622226686,123456
17622226687,123456
17622226688,123456
17622226689,123456
17622226690,123456
17622226691,123456
17622226692,123456
17622226693,123456
17622226694,123456
17622226695,123456
17622226696,123456
17622226697,123456
17622226698,123456
17622226699,123456
17622226700,123456
17622226701,123456
17622226702,123456
17622226703,123456
17622226704,123456
17622226705,123456
17622226706,123456
17622226707,123456
17622226708,123456
17622226709,123456
17622226710,123456
17622226711,123456
17622226712,123456
17622226713,123456
17622226714,123456
17622226715,123456
17622226716,123456
17622226717,123456
17622226718,123456
17622226719,123456
17622226720,123456
17622226721,123456
17622226722,123456
17622226723,123456
17622226724,123456
17622226725,123456
17622226726,123456
17622226727,123456
17622226728,123456
17622226729,123456
17622226730,123456
17622226731,123456
17622226732,123456
17622226733,123456
17622226734,123456
17622226735,123456
17622226736,123456
17622226737,123456
17622226738,123456
17622226739,123456
17622226740,123456
17622226741,123456
17622226742,123456
17622226743,123456
17622226744,123456
17622226745,123456
17622226746,123456
17622226747,123456
17622226748,123456
17622226749,123456
17622226750,123456
17622226751,123456
17622226752,123456
17622226753,123456
17622226754,123456
17622226755,123456
17622226756,123456
17622226757,123456
17622226758,123456
17622226759,123456
17622226760,123456
17622226761,123456
17622226762,123456
17622226763,123456
17622226764,123456
17622226765,123456
17622226766,123456
17622226767,123456
17622226768,123456
17622226769,123456
17622226770,123456
17622226771,123456
17622226772,123456
17622226773,123456
17622226774,123456
17622226775,123456
17622226776,123456
17622226777,123456
17622226778,123456
17622226779,123456
17622226780,123456
17622226781,123456
17622226782,123456
17622226783,123456
17622226784,123456
17622226785,123456
17622226786,123456
17622226787,123456
17622226788,123456
17622226789,123456
17622226790,123456
17622226791,123456
17622226792,123456
17622226793,123456
17622226794,123456
17622226795,123456
17622226796,123456
17622226797,123456
17622226798,123456
17622226799,123456
17622226800,123456
17622226801,123456
17622226802,123456
17622226803,123456
17622226804,123456
17622226805,123456
17622226806,123456
17622226807,123456
17622226808,123456
17622226809,123456
17622226810,123456
17622226811,123456
17622226812,123456
17622226813,123456
17622226814,123456
17622226815,123456
17622226816,123456
17622226817,123456
17622226818,123456
17622226819,123456
17622226820,123456
17622226821,123456
17622226822,123456
17622226823,123456
17622226824,123456
17622226825,123456
17622226826,123456
17622226827,123456
17622226828,123456
17622226829,123456
17622226830,123456
17622226831,123456
17622226832,123456
17622226833,123456
17622226834,123456
17622226835,123456
17622226836,123456
17622226837,123456
17622226838,123456
17622226839,123456
17622226840,123456
17622226841,123456
17622226842,123456
17622226843,123456
17622226844,123456
17622226845,123456
17622226846,123456
17622226847,123456
17622226848,123456
17622226849,123456
17622226850,123456
17622226851,123456
17622226852,123456
17622226853,123456
17622226854,123456
17622226855,123456
17622226856,123456
17622226857,123456
17622226858,123456
17622226859,123456
17622226860,123456
17622226861,123456
17622226862,123456
17622226863,123456
17622226864,123456
17622226865,123456
17622226866,123456
17622226867,123456
17622226868,123456
17622226869,123456
17622226870,123456
17622226871,123456
17622226872,123456
17622226873,123456
17622226874,123456
17622226875,123456
17622226876,123456
17622226877,123456
17622226878,123456
17622226879,123456
17622226880,123456
17622226881,123456
17622226882,123456
17622226883,123456
17622226884,123456
17622226885,123456
17622226886,123456
17622226887,123456
17622226888,123456
17622226889,123456
17622226890,123456
17622226891,123456
17622226892,123456
17622226893,123456
17622226894,123456
17622226895,123456
17622226896,123456
17622226897,123456
17622226898,123456
17622226899,123456
17622226900,123456
17622226901,123456
17622226902,123456
17622226903,123456
17622226904,123456
17622226905,123456
17622226906,123456
17622226907,123456
17622226908,123456
17622226909,123456
17622226910,123456
17622226911,123456
17622226912,123456
17622226913,123456
17622226914,123456
17622226915,123456
17622226916,123456
17622226917,123456
17622226918,123456
17622226919,123456
17622226920,123456
17622226921,123456
17622226922,123456
17622226923,123456
17622226924,123456
17622226925,123456
17622226926,123456
17622226927,123456
17622226928,123456
17622226929,123456
17622226930,123456
17622226931,123456
17622226932,123456
17622226933,123456
17622226934,123456
17622226935,123456
17622226936,123456
17622226937,123456
17622226938,123456
17622226939,123456
17622226940,123456
17622226941,123456
17622226942,123456
17622226943,123456
17622226944,123456
17622226945,123456
17622226946,123456
17622226947,123456
17622226948,123456
17622226949,123456
17622226950,123456
17622226951,123456
17622226952,123456
17622226953,123456
17622226954,123456
17622226955,123456
17622226956,123456
17622226957,123456
17622226958,123456
17622226959,123456
17622226960,123456
17622226961,123456
17622226962,123456
17622226963,123456
17622226964,123456
17622226965,123456
17622226966,123456
17622226967,123456
17622226968,123456
17622226969,123456
17622226970,123456
17622226971,123456
17622226972,123456
17622226973,123456
17622226974,123456
17622226975,123456
17622226976,123456
17622226977,123456
17622226978,123456
17622226979,123456
17622226980,123456
17622226981,123456
17622226982,123456
17622226983,123456
17622226984,123456
17622226985,123456
17622226986,123456
17622226987,123456
17622226988,123456
17622226989,123456
17622226990,123456
17622226991,123456
17622226992,123456
17622226993,123456
17622226994,123456
17622226995,123456
17622226996,123456
17622226997,123456
17622226998,123456
17622226999,123456
17622227000,123456
